{
  "id": "102019ab7d2c3b0757983e541429318fd6b",
  "version": "102019abea0d93d77279aea2e65ba9c5805",
  "schema": {
    "name": "flashcard",
    "description": "Represents a single flashcard with front and back text, topic, and mastery level for spaced repetition.",
    "fields": [
      {
        "name": "id",
        "description": "Unique identifier for each data of this entity.",
        "type": 1,
        "compliance": {
          "confidentiality": 2,
          "reason": "Internal system identifier."
        }
      },
      {
        "name": "user_id",
        "description": "The ID of the user who owns the flashcard.",
        "type": 1,
        "compliance": {
          "confidentiality": 3,
          "reason": "Links flashcard to a specific user."
        }
      },
      {
        "name": "front",
        "description": "The text on the front of the flashcard (question or term).",
        "type": 1,
        "compliance": {
          "confidentiality": 2,
          "reason": "User-generated content."
        }
      },
      {
        "name": "back",
        "description": "The text on the back of the flashcard (answer or definition).",
        "type": 1,
        "compliance": {
          "confidentiality": 2,
          "reason": "User-generated content."
        }
      },
      {
        "name": "topic",
        "description": "The topic or subject the flashcard belongs to.",
        "type": 1,
        "compliance": {
          "confidentiality": 2,
          "reason": "User-generated content for categorization."
        }
      },
      {
        "name": "mastery_level",
        "description": "The user's mastery level of the flashcard, used for spaced repetition.",
        "type": 100,
        "compliance": {
          "confidentiality": 2,
          "reason": "User learning progress data."
        },
        "enumeration": [
          {
            "value": "Unspecified"
          },
          {
            "number": 1,
            "value": "NotSeen"
          },
          {
            "number": 2,
            "value": "Learning"
          },
          {
            "number": 3,
            "value": "Mastered"
          }
        ]
      },
      {
        "name": "last_reviewed",
        "description": "Timestamp unix when the flashcard was last reviewed in 10-digit string.",
        "type": 1,
        "compliance": {
          "confidentiality": 2,
          "reason": "User activity data."
        },
        "nullable": true,
        "format": "timestamp"
      },
      {
        "name": "next_review_date",
        "description": "Timestamp unix for the next scheduled review in 10-digit string.",
        "type": 1,
        "compliance": {
          "confidentiality": 2,
          "reason": "Spaced repetition scheduling data."
        },
        "nullable": true,
        "format": "timestamp"
      },
      {
        "name": "is_favorite",
        "description": "Indicates if the user has marked the flashcard as a favorite.",
        "type": 3,
        "compliance": {
          "confidentiality": 2,
          "reason": "User preference data."
        }
      },
      {
        "name": "data_creator",
        "description": "id of the user who creates the record",
        "type": 1,
        "compliance": {
          "confidentiality": 3,
          "reason": "Auditing and ownership."
        }
      },
      {
        "name": "data_updater",
        "description": "id of the user who updates the record",
        "type": 1,
        "compliance": {
          "confidentiality": 3,
          "reason": "Auditing and ownership."
        }
      },
      {
        "name": "create_time",
        "description": "create time in timestamp unix",
        "type": 1,
        "compliance": {
          "confidentiality": 2,
          "reason": "Auditing and system metadata."
        },
        "format": "timestamp"
      },
      {
        "name": "update_time",
        "description": "update time in timestamp unix",
        "type": 1,
        "compliance": {
          "confidentiality": 2,
          "reason": "Auditing and system metadata."
        },
        "format": "timestamp"
      }
    ],
    "indexes": [
      {
        "fields": [
          "id"
        ],
        "unique": true,
        "primary": true,
        "order": false
      },
      {
        "fields": [
          "user_id"
        ],
        "order": false
      },
      {
        "fields": [
          "topic"
        ],
        "order": false
      },
      {
        "fields": [
          "mastery_level"
        ],
        "order": false
      },
      {
        "fields": [
          "next_review_date"
        ],
        "order": false
      },
      {
        "fields": [
          "mastery_level",
          "user_id"
        ],
        "order": false
      },
      {
        "fields": [
          "topic",
          "user_id"
        ],
        "order": false
      },
      {
        "fields": [
          "data_creator"
        ],
        "order": false
      },
      {
        "fields": [
          "data_updater"
        ],
        "order": false
      }
    ],
    "relations": [
      {
        "referencing_fields": [
          "user_id"
        ],
        "referenced_entity": {
          "name": "user_profile"
        },
        "referenced_fields": [
          "id"
        ],
        "cascade": true
      }
    ]
  },
  "task": {
    "id": "69268f44908b67d94e513ba7",
    "root": "6924d0c1a51fa9a9ad5313d5",
    "project": "6924d0c1a51fa9a9ad5313d4",
    "user": "b871b3f0-8001-70fc-2a89-ad5aed99c2d6"
  },
  "namespace": {
    "id": "01987547fc6c72ecb453bd2736bd4ea0",
    "tenant": 2,
    "name": "global-1",
    "default": true
  },
  "revision": 1
}