{
  "id": "102019ab7d2c3b1729fbb4e151538c65c87",
  "version": "102019abea0d93d77279aea2e65ba9c5805",
  "schema": {
    "name": "performance_metric",
    "description": "Aggregates and tracks user performance metrics for a specific topic over time.",
    "fields": [
      {
        "name": "id",
        "description": "Unique identifier for each data of this entity.",
        "type": 1,
        "compliance": {
          "confidentiality": 2,
          "reason": "Internal system identifier."
        }
      },
      {
        "name": "user_id",
        "description": "The ID of the user whose performance is being tracked.",
        "type": 1,
        "compliance": {
          "confidentiality": 3,
          "reason": "Links metric to a specific user."
        }
      },
      {
        "name": "topic",
        "description": "The topic for which the performance is being tracked.",
        "type": 1,
        "compliance": {
          "confidentiality": 2,
          "reason": "Categorizes performance data."
        }
      },
      {
        "name": "total_questions",
        "description": "The total number of questions answered for this topic.",
        "type": 2,
        "compliance": {
          "confidentiality": 2,
          "reason": "User performance statistic."
        },
        "numeric": "int"
      },
      {
        "name": "correct_answers",
        "description": "The number of questions answered correctly for this topic.",
        "type": 2,
        "compliance": {
          "confidentiality": 2,
          "reason": "User performance statistic."
        },
        "numeric": "int"
      },
      {
        "name": "average_score",
        "description": "The average score achieved in tests for this topic.",
        "type": 2,
        "compliance": {
          "confidentiality": 2,
          "reason": "User performance statistic."
        },
        "numeric": "float"
      },
      {
        "name": "weak_areas",
        "description": "A JSON string representing an array of identified weak sub-topics or concepts.",
        "type": 1,
        "compliance": {
          "confidentiality": 2,
          "reason": "User performance analysis data."
        },
        "nullable": true
      },
      {
        "name": "data_creator",
        "description": "id of the user who creates the record",
        "type": 1,
        "compliance": {
          "confidentiality": 3,
          "reason": "Auditing and ownership."
        }
      },
      {
        "name": "data_updater",
        "description": "id of the user who updates the record",
        "type": 1,
        "compliance": {
          "confidentiality": 3,
          "reason": "Auditing and ownership."
        }
      },
      {
        "name": "create_time",
        "description": "create time in timestamp unix",
        "type": 1,
        "compliance": {
          "confidentiality": 2,
          "reason": "Auditing and system metadata."
        },
        "format": "timestamp"
      },
      {
        "name": "update_time",
        "description": "update time in timestamp unix",
        "type": 1,
        "compliance": {
          "confidentiality": 2,
          "reason": "Auditing and system metadata."
        },
        "format": "timestamp"
      }
    ],
    "indexes": [
      {
        "fields": [
          "id"
        ],
        "unique": true,
        "primary": true,
        "order": false
      },
      {
        "fields": [
          "topic",
          "user_id"
        ],
        "unique": true,
        "order": false
      },
      {
        "fields": [
          "user_id"
        ],
        "order": false
      },
      {
        "fields": [
          "topic"
        ],
        "order": false
      },
      {
        "fields": [
          "data_creator"
        ],
        "order": false
      },
      {
        "fields": [
          "data_updater"
        ],
        "order": false
      }
    ],
    "relations": [
      {
        "referencing_fields": [
          "user_id"
        ],
        "referenced_entity": {
          "name": "user_profile"
        },
        "referenced_fields": [
          "id"
        ],
        "cascade": true
      }
    ]
  },
  "task": {
    "id": "69268f44908b67d94e513ba7",
    "root": "6924d0c1a51fa9a9ad5313d5",
    "project": "6924d0c1a51fa9a9ad5313d4",
    "user": "b871b3f0-8001-70fc-2a89-ad5aed99c2d6"
  },
  "namespace": {
    "id": "01987547fc6c72ecb453bd2736bd4ea0",
    "tenant": 2,
    "name": "global-1",
    "default": true
  },
  "revision": 1
}