{
  "id": "102019abc75fd9d783080be528779b52c39",
  "version": "102019abea0d93d77279aea2e65ba9c5805",
  "schema": {
    "name": "study_plan",
    "description": "Represents a user's study plan, outlining goals, subjects, and progress over a defined period.",
    "fields": [
      {
        "name": "id",
        "description": "Unique identifier for each data of this entity.",
        "type": 1,
        "compliance": {
          "confidentiality": 2,
          "reason": "Internal system identifier."
        }
      },
      {
        "name": "user_id",
        "description": "The ID of the user who owns the study plan.",
        "type": 1,
        "compliance": {
          "confidentiality": 3,
          "reason": "Links plan to a specific user."
        }
      },
      {
        "name": "name",
        "description": "The name of the study plan.",
        "type": 1,
        "compliance": {
          "confidentiality": 2,
          "reason": "User-generated content."
        }
      },
      {
        "name": "goal",
        "description": "The primary goal of the study plan.",
        "type": 100,
        "compliance": {
          "confidentiality": 2,
          "reason": "Categorizes the user's study objective."
        },
        "enumeration": [
          {
            "value": "Unspecified"
          },
          {
            "number": 1,
            "value": "ExamPrep"
          },
          {
            "number": 2,
            "value": "NewSubject"
          },
          {
            "number": 3,
            "value": "Review"
          },
          {
            "number": 4,
            "value": "DailyPractice"
          }
        ]
      },
      {
        "name": "deadline",
        "description": "The target completion date for the study plan in ISO 8601 format.",
        "type": 1,
        "compliance": {
          "confidentiality": 2,
          "reason": "User-defined goal timeline."
        },
        "format": "date-time"
      },
      {
        "name": "subjects",
        "description": "A JSON string representing an array of subjects included in the study plan.",
        "type": 1,
        "compliance": {
          "confidentiality": 2,
          "reason": "User-defined study content."
        }
      },
      {
        "name": "current_day",
        "description": "The current day number in the study plan sequence.",
        "type": 2,
        "compliance": {
          "confidentiality": 2,
          "reason": "Tracks user progress."
        },
        "numeric": "int"
      },
      {
        "name": "total_days",
        "description": "The total number of days in the study plan.",
        "type": 2,
        "compliance": {
          "confidentiality": 2,
          "reason": "Defines the scope of the study plan."
        },
        "numeric": "int"
      },
      {
        "name": "overall_progress",
        "description": "The overall progress percentage of the study plan.",
        "type": 2,
        "compliance": {
          "confidentiality": 2,
          "reason": "User performance metric."
        },
        "numeric": "float"
      },
      {
        "name": "weak_areas",
        "description": "A JSON string representing an array of identified weak areas for focus.",
        "type": 1,
        "compliance": {
          "confidentiality": 2,
          "reason": "User performance analysis data."
        },
        "nullable": true
      },
      {
        "name": "data_creator",
        "description": "id of the user who creates the record",
        "type": 1,
        "compliance": {
          "confidentiality": 3,
          "reason": "Auditing and ownership."
        }
      },
      {
        "name": "data_updater",
        "description": "id of the user who updates the record",
        "type": 1,
        "compliance": {
          "confidentiality": 3,
          "reason": "Auditing and ownership."
        }
      },
      {
        "name": "create_time",
        "description": "create time in timestamp unix",
        "type": 1,
        "compliance": {
          "confidentiality": 2,
          "reason": "Auditing and system metadata."
        },
        "format": "timestamp"
      },
      {
        "name": "update_time",
        "description": "update time in timestamp unix",
        "type": 1,
        "compliance": {
          "confidentiality": 2,
          "reason": "Auditing and system metadata."
        },
        "format": "timestamp"
      }
    ],
    "indexes": [
      {
        "fields": [
          "id"
        ],
        "unique": true,
        "primary": true,
        "order": false
      },
      {
        "fields": [
          "user_id"
        ],
        "order": false
      },
      {
        "fields": [
          "data_creator"
        ],
        "order": false
      },
      {
        "fields": [
          "data_updater"
        ],
        "order": false
      }
    ],
    "relations": [
      {
        "referencing_fields": [
          "user_id"
        ],
        "referenced_entity": {
          "name": "user_profile"
        },
        "referenced_fields": [
          "id"
        ],
        "cascade": true
      }
    ]
  },
  "task": {
    "id": "69268f44908b67d94e513ba7",
    "root": "6924d0c1a51fa9a9ad5313d5",
    "project": "6924d0c1a51fa9a9ad5313d4",
    "user": "b871b3f0-8001-70fc-2a89-ad5aed99c2d6"
  },
  "namespace": {
    "id": "01987547fc6c72ecb453bd2736bd4ea0",
    "tenant": 2,
    "name": "global-1",
    "default": true
  },
  "revision": 1
}