{
  "id": "102019abc75fd9d7aa086e90c6f4d397b51",
  "version": "102019abea0d93d77279aea2e65ba9c5805",
  "schema": {
    "name": "study_plan_task",
    "description": "Represents a single task within a specific day of a study plan.",
    "fields": [
      {
        "name": "id",
        "description": "Unique identifier for each data of this entity.",
        "type": 1,
        "compliance": {
          "confidentiality": 2,
          "reason": "Internal system identifier."
        }
      },
      {
        "name": "study_plan_id",
        "description": "The ID of the study plan this task belongs to.",
        "type": 1,
        "compliance": {
          "confidentiality": 2,
          "reason": "Links task to a specific study plan."
        }
      },
      {
        "name": "user_id",
        "description": "The ID of the user who owns the task.",
        "type": 1,
        "compliance": {
          "confidentiality": 3,
          "reason": "Links task to a specific user for access control."
        }
      },
      {
        "name": "day_number",
        "description": "The day number within the study plan this task is scheduled for.",
        "type": 2,
        "compliance": {
          "confidentiality": 2,
          "reason": "Organizes tasks chronologically."
        },
        "numeric": "int"
      },
      {
        "name": "subject",
        "description": "The subject of the study task.",
        "type": 1,
        "compliance": {
          "confidentiality": 2,
          "reason": "Categorizes the task content."
        }
      },
      {
        "name": "topic",
        "description": "The specific topic to be covered in the task.",
        "type": 1,
        "compliance": {
          "confidentiality": 2,
          "reason": "Details the task content."
        }
      },
      {
        "name": "duration",
        "description": "The planned duration for the task in milliseconds.",
        "type": 2,
        "compliance": {
          "confidentiality": 2,
          "reason": "Time management data for the user."
        },
        "numeric": "int"
      },
      {
        "name": "completed",
        "description": "Indicates whether the task has been completed.",
        "type": 3,
        "compliance": {
          "confidentiality": 2,
          "reason": "Tracks user progress."
        }
      },
      {
        "name": "task_type",
        "description": "The type of activity for the task.",
        "type": 100,
        "compliance": {
          "confidentiality": 2,
          "reason": "Categorizes the study activity."
        },
        "enumeration": [
          {
            "value": "Unspecified"
          },
          {
            "number": 1,
            "value": "Study"
          },
          {
            "number": 2,
            "value": "Practice"
          },
          {
            "number": 3,
            "value": "Review"
          },
          {
            "number": 4,
            "value": "Test"
          }
        ]
      },
      {
        "name": "data_creator",
        "description": "id of the user who creates the record",
        "type": 1,
        "compliance": {
          "confidentiality": 3,
          "reason": "Auditing and ownership."
        }
      },
      {
        "name": "data_updater",
        "description": "id of the user who updates the record",
        "type": 1,
        "compliance": {
          "confidentiality": 3,
          "reason": "Auditing and ownership."
        }
      },
      {
        "name": "create_time",
        "description": "create time in timestamp unix",
        "type": 1,
        "compliance": {
          "confidentiality": 2,
          "reason": "Auditing and system metadata."
        },
        "format": "timestamp"
      },
      {
        "name": "update_time",
        "description": "update time in timestamp unix",
        "type": 1,
        "compliance": {
          "confidentiality": 2,
          "reason": "Auditing and system metadata."
        },
        "format": "timestamp"
      }
    ],
    "indexes": [
      {
        "fields": [
          "id"
        ],
        "unique": true,
        "primary": true,
        "order": false
      },
      {
        "fields": [
          "day_number",
          "study_plan_id"
        ],
        "order": false
      },
      {
        "fields": [
          "study_plan_id"
        ],
        "order": false
      },
      {
        "fields": [
          "user_id"
        ],
        "order": false
      },
      {
        "fields": [
          "day_number"
        ],
        "order": false
      },
      {
        "fields": [
          "data_creator"
        ],
        "order": false
      },
      {
        "fields": [
          "data_updater"
        ],
        "order": false
      }
    ],
    "relations": [
      {
        "referencing_fields": [
          "study_plan_id"
        ],
        "referenced_entity": {
          "name": "study_plan"
        },
        "referenced_fields": [
          "id"
        ],
        "cascade": true
      },
      {
        "referencing_fields": [
          "user_id"
        ],
        "referenced_entity": {
          "name": "user_profile"
        },
        "referenced_fields": [
          "id"
        ],
        "cascade": true
      }
    ]
  },
  "task": {
    "id": "69268f44908b67d94e513ba7",
    "root": "6924d0c1a51fa9a9ad5313d5",
    "project": "6924d0c1a51fa9a9ad5313d4",
    "user": "b871b3f0-8001-70fc-2a89-ad5aed99c2d6"
  },
  "namespace": {
    "id": "01987547fc6c72ecb453bd2736bd4ea0",
    "tenant": 2,
    "name": "global-1",
    "default": true
  },
  "revision": 1
}