{
  "id": "102019ab9ea882e7d17bfc6570c02033270",
  "version": "102019abea0d93d77279aea2e65ba9c5805",
  "schema": {
    "name": "summary",
    "description": "Stores AI-generated text summaries, including the original text, the summary, and user-defined parameters like style and focus.",
    "fields": [
      {
        "name": "id",
        "description": "Unique identifier for each data of this entity.",
        "type": 1,
        "compliance": {
          "confidentiality": 2,
          "reason": "Internal system identifier."
        }
      },
      {
        "name": "user_id",
        "description": "The ID of the user who requested the summary.",
        "type": 1,
        "compliance": {
          "confidentiality": 3,
          "reason": "Links summary to a specific user."
        }
      },
      {
        "name": "original_text",
        "description": "The original text that was summarized.",
        "type": 1,
        "compliance": {
          "confidentiality": 2,
          "reason": "User-provided content."
        }
      },
      {
        "name": "summary",
        "description": "The AI-generated summary of the original text.",
        "type": 1,
        "compliance": {
          "confidentiality": 2,
          "reason": "AI-generated user content."
        }
      },
      {
        "name": "style",
        "description": "The requested style for the summary.",
        "type": 100,
        "compliance": {
          "confidentiality": 2,
          "reason": "User preference for summary generation."
        },
        "enumeration": [
          {
            "value": "Unspecified"
          },
          {
            "number": 1,
            "value": "Concise"
          },
          {
            "number": 2,
            "value": "Detailed"
          },
          {
            "number": 3,
            "value": "BulletPoints"
          },
          {
            "number": 4,
            "value": "StudyGuide"
          }
        ]
      },
      {
        "name": "focus",
        "description": "The requested focus area for the summary.",
        "type": 100,
        "compliance": {
          "confidentiality": 2,
          "reason": "User preference for summary generation."
        },
        "enumeration": [
          {
            "value": "Unspecified"
          },
          {
            "number": 1,
            "value": "KeyConcepts"
          },
          {
            "number": 2,
            "value": "Definitions"
          },
          {
            "number": 3,
            "value": "MainIdeas"
          },
          {
            "number": 4,
            "value": "Comprehensive"
          }
        ]
      },
      {
        "name": "data_creator",
        "description": "id of the user who creates the record",
        "type": 1,
        "compliance": {
          "confidentiality": 3,
          "reason": "Auditing and ownership."
        }
      },
      {
        "name": "data_updater",
        "description": "id of the user who updates the record",
        "type": 1,
        "compliance": {
          "confidentiality": 3,
          "reason": "Auditing and ownership."
        }
      },
      {
        "name": "create_time",
        "description": "create time in timestamp unix",
        "type": 1,
        "compliance": {
          "confidentiality": 2,
          "reason": "Auditing and system metadata."
        },
        "format": "timestamp"
      },
      {
        "name": "update_time",
        "description": "update time in timestamp unix",
        "type": 1,
        "compliance": {
          "confidentiality": 2,
          "reason": "Auditing and system metadata."
        },
        "format": "timestamp"
      }
    ],
    "indexes": [
      {
        "fields": [
          "id"
        ],
        "unique": true,
        "primary": true,
        "order": false
      },
      {
        "fields": [
          "user_id"
        ],
        "order": false
      },
      {
        "fields": [
          "create_time"
        ],
        "order": false
      },
      {
        "fields": [
          "data_creator"
        ],
        "order": false
      },
      {
        "fields": [
          "data_updater"
        ],
        "order": false
      }
    ],
    "relations": [
      {
        "referencing_fields": [
          "user_id"
        ],
        "referenced_entity": {
          "name": "user_profile"
        },
        "referenced_fields": [
          "id"
        ],
        "cascade": true
      }
    ]
  },
  "task": {
    "id": "69268f44908b67d94e513ba7",
    "root": "6924d0c1a51fa9a9ad5313d5",
    "project": "6924d0c1a51fa9a9ad5313d4",
    "user": "b871b3f0-8001-70fc-2a89-ad5aed99c2d6"
  },
  "namespace": {
    "id": "01987547fc6c72ecb453bd2736bd4ea0",
    "tenant": 2,
    "name": "global-1",
    "default": true
  },
  "revision": 1
}