{
  "id": "102019abc31099c77efaaf5cba3888bab12",
  "version": "102019abea0d93d77279aea2e65ba9c5805",
  "schema": {
    "name": "user_currency",
    "description": "Manages different types of in-app currencies for each user.",
    "fields": [
      {
        "name": "id",
        "description": "Unique identifier for each data of this entity.",
        "type": 1,
        "compliance": {
          "confidentiality": 2,
          "reason": "Internal system identifier."
        }
      },
      {
        "name": "user_id",
        "description": "Foreign key referencing the user profile.",
        "type": 1,
        "compliance": {
          "confidentiality": 3,
          "reason": "Links currency to a specific user."
        }
      },
      {
        "name": "currency_type",
        "description": "The type of currency (e.g., coins, gems, points).",
        "type": 1,
        "compliance": {
          "confidentiality": 2,
          "reason": "Categorizes the currency type."
        }
      },
      {
        "name": "amount",
        "description": "The amount of currency the user possesses.",
        "type": 2,
        "compliance": {
          "confidentiality": 2,
          "reason": "Represents user's virtual asset value."
        },
        "numeric": "float"
      },
      {
        "name": "last_earned_time",
        "description": "Timestamp unix when currency was last earned or updated.",
        "type": 1,
        "compliance": {
          "confidentiality": 2,
          "reason": "User activity data."
        },
        "format": "timestamp"
      },
      {
        "name": "data_creator",
        "description": "id of the user who creates the record",
        "type": 1,
        "compliance": {
          "confidentiality": 3,
          "reason": "Auditing and ownership."
        }
      },
      {
        "name": "data_updater",
        "description": "id of the user who updates the record",
        "type": 1,
        "compliance": {
          "confidentiality": 3,
          "reason": "Auditing and ownership."
        }
      },
      {
        "name": "create_time",
        "description": "create time in timestamp unix",
        "type": 1,
        "compliance": {
          "confidentiality": 2,
          "reason": "Auditing and system metadata."
        },
        "format": "timestamp"
      },
      {
        "name": "update_time",
        "description": "update time in timestamp unix",
        "type": 1,
        "compliance": {
          "confidentiality": 2,
          "reason": "Auditing and system metadata."
        },
        "format": "timestamp"
      }
    ],
    "indexes": [
      {
        "fields": [
          "id"
        ],
        "unique": true,
        "primary": true,
        "order": false
      },
      {
        "fields": [
          "currency_type",
          "user_id"
        ],
        "unique": true,
        "order": false
      },
      {
        "fields": [
          "user_id"
        ],
        "order": false
      },
      {
        "fields": [
          "data_creator"
        ],
        "order": false
      },
      {
        "fields": [
          "data_updater"
        ],
        "order": false
      }
    ],
    "relations": [
      {
        "referencing_fields": [
          "user_id"
        ],
        "referenced_entity": {
          "name": "user_profile"
        },
        "referenced_fields": [
          "id"
        ],
        "cascade": true
      }
    ]
  },
  "task": {
    "id": "69268f44908b67d94e513ba7",
    "root": "6924d0c1a51fa9a9ad5313d5",
    "project": "6924d0c1a51fa9a9ad5313d4",
    "user": "b871b3f0-8001-70fc-2a89-ad5aed99c2d6"
  },
  "namespace": {
    "id": "01987547fc6c72ecb453bd2736bd4ea0",
    "tenant": 2,
    "name": "global-1",
    "default": true
  },
  "revision": 1
}