{
  "id": "102019abc75a166743388cdb9f1b6b72ec7",
  "version": "102019abc75a16672b0aaab2148aaa82af4",
  "schema": {
    "name": "study_session",
    "description": "Stores information about a user's study session, including duration, focus mode, and completion status.",
    "fields": [
      {
        "name": "id",
        "description": "Unique identifier for each data of this entity.",
        "type": 1,
        "compliance": {
          "confidentiality": 2,
          "reason": "Internal system identifier."
        }
      },
      {
        "name": "user_id",
        "description": "The ID of the user who initiated the study session.",
        "type": 1,
        "compliance": {
          "confidentiality": 3,
          "reason": "Links study data to a specific user."
        }
      },
      {
        "name": "start_time",
        "description": "Timestamp unix when the study session started in 10-digit string.",
        "type": 1,
        "compliance": {
          "confidentiality": 2,
          "reason": "Internal operational data."
        },
        "format": "timestamp"
      },
      {
        "name": "end_time",
        "description": "Timestamp unix when the study session ended in 10-digit string.",
        "type": 1,
        "compliance": {
          "confidentiality": 2,
          "reason": "Internal operational data."
        },
        "nullable": true,
        "format": "timestamp"
      },
      {
        "name": "duration",
        "description": "Total duration of the study session in milliseconds.",
        "type": 2,
        "compliance": {
          "confidentiality": 2,
          "reason": "User activity metric."
        },
        "nullable": true,
        "numeric": "int"
      },
      {
        "name": "focus_mode",
        "description": "The focus mode selected for the session, e.g., day or night.",
        "type": 100,
        "compliance": {
          "confidentiality": 2,
          "reason": "User preference data."
        },
        "enumeration": [
          {
            "value": "Unspecified"
          },
          {
            "number": 1,
            "value": "Day"
          },
          {
            "number": 2,
            "value": "Night"
          }
        ]
      },
      {
        "name": "audio_choice",
        "description": "The background audio or music chosen for the session.",
        "type": 1,
        "compliance": {
          "confidentiality": 2,
          "reason": "User preference data."
        },
        "nullable": true
      },
      {
        "name": "completed_successfully",
        "description": "Indicates whether the study session was completed as planned.",
        "type": 3,
        "compliance": {
          "confidentiality": 2,
          "reason": "User activity metric."
        }
      },
      {
        "name": "data_creator",
        "description": "id of the user who creates the record",
        "type": 1,
        "compliance": {
          "confidentiality": 3,
          "reason": "Auditing and ownership."
        }
      },
      {
        "name": "data_updater",
        "description": "id of the user who updates the record",
        "type": 1,
        "compliance": {
          "confidentiality": 3,
          "reason": "Auditing and ownership."
        }
      },
      {
        "name": "create_time",
        "description": "create time in timestamp unix",
        "type": 1,
        "compliance": {
          "confidentiality": 2,
          "reason": "Auditing and system metadata."
        },
        "format": "timestamp"
      },
      {
        "name": "update_time",
        "description": "update time in timestamp unix",
        "type": 1,
        "compliance": {
          "confidentiality": 2,
          "reason": "Auditing and system metadata."
        },
        "format": "timestamp"
      }
    ],
    "indexes": [
      {
        "fields": [
          "id"
        ],
        "unique": true,
        "primary": true,
        "order": false
      },
      {
        "fields": [
          "user_id"
        ],
        "order": false
      },
      {
        "fields": [
          "data_creator"
        ],
        "order": false
      },
      {
        "fields": [
          "data_updater"
        ],
        "order": false
      }
    ],
    "relations": [
      {
        "referencing_fields": [
          "user_id"
        ],
        "referenced_entity": {
          "name": "user_profile"
        },
        "referenced_fields": [
          "id"
        ],
        "cascade": true
      }
    ]
  },
  "task": {
    "id": "6925f622a8970cc942505f42",
    "root": "6924d0c1a51fa9a9ad5313d5",
    "project": "6924d0c1a51fa9a9ad5313d4",
    "user": "b871b3f0-8001-70fc-2a89-ad5aed99c2d6"
  },
  "namespace": {
    "id": "01987547fc6c72ecb453bd2736bd4ea0",
    "tenant": 2,
    "name": "global-1",
    "default": true
  },
  "revision": 1
}