{
  "id": "102019abc75a166755583ebcfc83a794bff",
  "version": "102019abc75a16672b0aaab2148aaa82af4",
  "schema": {
    "name": "user_inventory",
    "description": "Tracks items owned by a user, including quantity and metadata.",
    "fields": [
      {
        "name": "id",
        "description": "Unique identifier for each data of this entity.",
        "type": 1,
        "compliance": {
          "confidentiality": 2,
          "reason": "Internal system identifier."
        }
      },
      {
        "name": "user_id",
        "description": "Foreign key referencing the user profile.",
        "type": 1,
        "compliance": {
          "confidentiality": 3,
          "reason": "Links inventory to a specific user."
        }
      },
      {
        "name": "item_id",
        "description": "Unique identifier for the item.",
        "type": 1,
        "compliance": {
          "confidentiality": 2,
          "reason": "Identifier for an in-game or in-app item."
        }
      },
      {
        "name": "item_type",
        "description": "Category or type of the item.",
        "type": 1,
        "compliance": {
          "confidentiality": 2,
          "reason": "Categorization of inventory items."
        }
      },
      {
        "name": "item_name",
        "description": "Display name of the item.",
        "type": 1,
        "compliance": {
          "confidentiality": 2,
          "reason": "Display information for an item."
        }
      },
      {
        "name": "quantity",
        "description": "The number of this item the user owns.",
        "type": 2,
        "compliance": {
          "confidentiality": 2,
          "reason": "User's virtual asset count."
        },
        "numeric": "int"
      },
      {
        "name": "acquired_time",
        "description": "Timestamp unix when the item was first acquired.",
        "type": 1,
        "compliance": {
          "confidentiality": 2,
          "reason": "User activity data."
        },
        "format": "timestamp"
      },
      {
        "name": "metadata",
        "description": "JSON string for additional item properties (e.g., stats, level).",
        "type": 1,
        "compliance": {
          "confidentiality": 2,
          "reason": "Stores detailed, variable data about an item."
        },
        "nullable": true
      },
      {
        "name": "data_creator",
        "description": "id of the user who creates the record",
        "type": 1,
        "compliance": {
          "confidentiality": 3,
          "reason": "Auditing and ownership."
        }
      },
      {
        "name": "data_updater",
        "description": "id of the user who updates the record",
        "type": 1,
        "compliance": {
          "confidentiality": 3,
          "reason": "Auditing and ownership."
        }
      },
      {
        "name": "create_time",
        "description": "create time in timestamp unix",
        "type": 1,
        "compliance": {
          "confidentiality": 2,
          "reason": "Auditing and system metadata."
        },
        "format": "timestamp"
      },
      {
        "name": "update_time",
        "description": "update time in timestamp unix",
        "type": 1,
        "compliance": {
          "confidentiality": 2,
          "reason": "Auditing and system metadata."
        },
        "format": "timestamp"
      }
    ],
    "indexes": [
      {
        "fields": [
          "id"
        ],
        "unique": true,
        "primary": true,
        "order": false
      },
      {
        "fields": [
          "item_id",
          "user_id"
        ],
        "unique": true,
        "order": false
      },
      {
        "fields": [
          "user_id"
        ],
        "order": false
      },
      {
        "fields": [
          "item_type"
        ],
        "order": false
      },
      {
        "fields": [
          "data_creator"
        ],
        "order": false
      },
      {
        "fields": [
          "data_updater"
        ],
        "order": false
      }
    ],
    "relations": [
      {
        "referencing_fields": [
          "user_id"
        ],
        "referenced_entity": {
          "name": "user_profile"
        },
        "referenced_fields": [
          "id"
        ],
        "cascade": true
      }
    ]
  },
  "task": {
    "id": "6925f622a8970cc942505f42",
    "root": "6924d0c1a51fa9a9ad5313d5",
    "project": "6924d0c1a51fa9a9ad5313d4",
    "user": "b871b3f0-8001-70fc-2a89-ad5aed99c2d6"
  },
  "namespace": {
    "id": "01987547fc6c72ecb453bd2736bd4ea0",
    "tenant": 2,
    "name": "global-1",
    "default": true
  },
  "revision": 1
}