{
  "id": "102019abc75a16675ce998392baf8a1c9b7",
  "version": "102019abc75a16672b0aaab2148aaa82af4",
  "schema": {
    "name": "user_profile",
    "description": "Stores user account information, profile details, and authentication credentials.",
    "fields": [
      {
        "name": "id",
        "description": "Unique identifier for each data of this entity.",
        "type": 1,
        "compliance": {
          "confidentiality": 2,
          "reason": "Internal system identifier."
        }
      },
      {
        "name": "username",
        "description": "Unique username for the user account.",
        "type": 1,
        "compliance": {
          "confidentiality": 3,
          "reason": "User's unique identifier, considered PII."
        }
      },
      {
        "name": "email",
        "description": "Unique email address for the user account.",
        "type": 1,
        "compliance": {
          "confidentiality": 3,
          "reason": "User's contact information, considered PII."
        },
        "format": "email"
      },
      {
        "name": "password_hash",
        "description": "Securely hashed password (e.g., using bcrypt).",
        "type": 1,
        "compliance": {
          "confidentiality": 4,
          "reason": "Highly sensitive authentication credential."
        },
        "encryption": true,
        "format": "password"
      },
      {
        "name": "display_name",
        "description": "Optional public display name for the user.",
        "type": 1,
        "compliance": {
          "confidentiality": 1,
          "reason": "Publicly visible user information."
        },
        "nullable": true
      },
      {
        "name": "avatar_url",
        "description": "URL to the user's profile picture.",
        "type": 1,
        "compliance": {
          "confidentiality": 1,
          "reason": "Publicly visible user information."
        },
        "nullable": true
      },
      {
        "name": "bio",
        "description": "A short biography or description about the user.",
        "type": 1,
        "compliance": {
          "confidentiality": 1,
          "reason": "Publicly visible user-generated content."
        },
        "nullable": true
      },
      {
        "name": "account_status",
        "description": "The current status of the user's account.",
        "type": 100,
        "compliance": {
          "confidentiality": 2,
          "reason": "Internal account management status."
        },
        "enumeration": [
          {
            "value": "Unspecified"
          },
          {
            "number": 1,
            "value": "Active"
          },
          {
            "number": 2,
            "value": "Suspended"
          },
          {
            "number": 3,
            "value": "Deleted"
          }
        ]
      },
      {
        "name": "email_verified",
        "description": "Flag indicating if the user has verified their email address.",
        "type": 3,
        "compliance": {
          "confidentiality": 2,
          "reason": "Internal account security status."
        }
      },
      {
        "name": "phone_number",
        "description": "Optional phone number for the user.",
        "type": 1,
        "compliance": {
          "confidentiality": 3,
          "reason": "User's contact information, considered PII."
        },
        "nullable": true
      },
      {
        "name": "data_creator",
        "description": "id of the user who creates the record",
        "type": 1,
        "compliance": {
          "confidentiality": 3,
          "reason": "Auditing and ownership."
        }
      },
      {
        "name": "data_updater",
        "description": "id of the user who updates the record",
        "type": 1,
        "compliance": {
          "confidentiality": 3,
          "reason": "Auditing and ownership."
        }
      },
      {
        "name": "create_time",
        "description": "create time in timestamp unix",
        "type": 1,
        "compliance": {
          "confidentiality": 2,
          "reason": "Auditing and system metadata."
        },
        "format": "timestamp"
      },
      {
        "name": "update_time",
        "description": "update time in timestamp unix",
        "type": 1,
        "compliance": {
          "confidentiality": 2,
          "reason": "Auditing and system metadata."
        },
        "format": "timestamp"
      }
    ],
    "indexes": [
      {
        "fields": [
          "id"
        ],
        "unique": true,
        "primary": true,
        "order": false
      },
      {
        "fields": [
          "username"
        ],
        "unique": true,
        "order": false
      },
      {
        "fields": [
          "email"
        ],
        "unique": true,
        "order": false
      },
      {
        "fields": [
          "data_creator"
        ],
        "order": false
      },
      {
        "fields": [
          "data_updater"
        ],
        "order": false
      }
    ]
  },
  "task": {
    "id": "6925f622a8970cc942505f42",
    "root": "6924d0c1a51fa9a9ad5313d5",
    "project": "6924d0c1a51fa9a9ad5313d4",
    "user": "b871b3f0-8001-70fc-2a89-ad5aed99c2d6"
  },
  "namespace": {
    "id": "01987547fc6c72ecb453bd2736bd4ea0",
    "tenant": 2,
    "name": "global-1",
    "default": true
  },
  "revision": 1
}