{
  "id": "102019abc75a16675959fc1b241e464d46e",
  "version": "102019abc75a16672b0aaab2148aaa82af4",
  "schema": {
    "name": "user_permission",
    "description": "Defines user roles and specific permissions within the application.",
    "fields": [
      {
        "name": "id",
        "description": "Unique identifier for each data of this entity.",
        "type": 1,
        "compliance": {
          "confidentiality": 2,
          "reason": "Internal system identifier."
        }
      },
      {
        "name": "user_id",
        "description": "Foreign key referencing the user profile.",
        "type": 1,
        "compliance": {
          "confidentiality": 3,
          "reason": "Links permissions to a specific user."
        }
      },
      {
        "name": "role",
        "description": "The user's assigned role in the system.",
        "type": 100,
        "compliance": {
          "confidentiality": 3,
          "reason": "Authorization and access control data."
        },
        "enumeration": [
          {
            "value": "Unspecified"
          },
          {
            "number": 1,
            "value": "User"
          },
          {
            "number": 2,
            "value": "Moderator"
          },
          {
            "number": 3,
            "value": "Admin"
          },
          {
            "number": 4,
            "value": "SuperAdmin"
          }
        ]
      },
      {
        "name": "permissions_data",
        "description": "JSON string of granular permission flags.",
        "type": 1,
        "compliance": {
          "confidentiality": 3,
          "reason": "Detailed authorization data."
        },
        "nullable": true
      },
      {
        "name": "can_create_content",
        "description": "Permission to create new content.",
        "type": 3,
        "compliance": {
          "confidentiality": 3,
          "reason": "Authorization flag."
        }
      },
      {
        "name": "can_edit_content",
        "description": "Permission to edit existing content.",
        "type": 3,
        "compliance": {
          "confidentiality": 3,
          "reason": "Authorization flag."
        }
      },
      {
        "name": "can_delete_content",
        "description": "Permission to delete content.",
        "type": 3,
        "compliance": {
          "confidentiality": 3,
          "reason": "Authorization flag."
        }
      },
      {
        "name": "can_moderate",
        "description": "Permission to moderate user-generated content.",
        "type": 3,
        "compliance": {
          "confidentiality": 3,
          "reason": "Authorization flag."
        }
      },
      {
        "name": "can_manage_users",
        "description": "Permission to manage other user accounts.",
        "type": 3,
        "compliance": {
          "confidentiality": 4,
          "reason": "Highly sensitive administrative privilege."
        }
      },
      {
        "name": "data_creator",
        "description": "id of the user who creates the record",
        "type": 1,
        "compliance": {
          "confidentiality": 3,
          "reason": "Auditing and ownership."
        }
      },
      {
        "name": "data_updater",
        "description": "id of the user who updates the record",
        "type": 1,
        "compliance": {
          "confidentiality": 3,
          "reason": "Auditing and ownership."
        }
      },
      {
        "name": "create_time",
        "description": "create time in timestamp unix",
        "type": 1,
        "compliance": {
          "confidentiality": 2,
          "reason": "Auditing and system metadata."
        },
        "format": "timestamp"
      },
      {
        "name": "update_time",
        "description": "update time in timestamp unix",
        "type": 1,
        "compliance": {
          "confidentiality": 2,
          "reason": "Auditing and system metadata."
        },
        "format": "timestamp"
      }
    ],
    "indexes": [
      {
        "fields": [
          "id"
        ],
        "unique": true,
        "primary": true,
        "order": false
      },
      {
        "fields": [
          "user_id"
        ],
        "unique": true,
        "order": false
      },
      {
        "fields": [
          "role"
        ],
        "order": false
      },
      {
        "fields": [
          "data_creator"
        ],
        "order": false
      },
      {
        "fields": [
          "data_updater"
        ],
        "order": false
      }
    ],
    "relations": [
      {
        "referencing_fields": [
          "user_id"
        ],
        "referenced_entity": {
          "name": "user_profile"
        },
        "referenced_fields": [
          "id"
        ],
        "cascade": true
      }
    ]
  },
  "task": {
    "id": "6925f622a8970cc942505f42",
    "root": "6924d0c1a51fa9a9ad5313d5",
    "project": "6924d0c1a51fa9a9ad5313d4",
    "user": "b871b3f0-8001-70fc-2a89-ad5aed99c2d6"
  },
  "namespace": {
    "id": "01987547fc6c72ecb453bd2736bd4ea0",
    "tenant": 2,
    "name": "global-1",
    "default": true
  },
  "revision": 1
}